{"_wandb":{"runtime":6},"step":22265,"train_loss":0.111711979,"_timestamp":1.7491471569880834e+09,"_runtime":6.5292999,"_step":22264}