{"_timestamp":1.748067166274939e+09,"_wandb":{"runtime":5},"_runtime":5.3268922,"_step":27175,"train_loss":0.1178008168935775}