{"step":22265,"train_loss":0.111711979,"_timestamp":1.7491463589951525e+09,"_runtime":13.8761251,"_wandb":{"runtime":14},"_step":9999}