{"_wandb":{"runtime":4},"train_loss":0.1178008168935775,"_timestamp":1.7480674042563245e+09,"_runtime":4.8659567,"_step":27175}